"","Chr","Start","End","HZ.23.10","HZ.23.11","HZ.23.12","HZ.23.13","HZ.23.14","HZ.23.16","HZ.23.17","HZ.23.18","HZ.23.19","HZ.23.1","HZ.23.20","HZ.23.21","HZ.23.22","HZ.23.23","HZ.23.24","HZ.23.25","HZ.23.26","HZ.23.28","HZ.23.29","HZ.23.2","HZ.23.31","HZ.23.32","HZ.23.33","HZ.23.34","HZ.23.3","HZ.23.4","HZ.23.5","HZ.23.7","HZ.23.8","HZ.23.9","HZ.23.2.13","HZ.23.2.25","HZ.23.2.27","HZ.23.2.28","HZ.23.2.31","HZ.23.2.33","HZ.23.2.34","HZ.23.2.36","HZ.23.2.40","HZ.23.2.41","HZ.23.2.42","HZ.23.2.46","HZ.23.2.48","HZ.23.2.50","HZ.23.2.51","primary_average","therapy_average","wilcox_p","an23.cytoBand","an23.Genes"
"2754","chr10",99431269,99806726,0,0,0,0,0,0,0,0,0,0,0,0,0,0,0,0,0,2,0,0,0,0,0,0,0,0,0,0,0,0,0,0,0,0,0,0,0,0,0,0,0,0,0,0,0,0.0666666666666667,0,0.509275437124084,"10q24.2","AVPI1,CRTAC1,GOLGA7B,MARVELD1,PI4K2A,SFRP5,ZFYVE27"
"3131","chr11",10780890,10919682,1,1,0,0,0,0,0,1,2,1,1,1,0,0,2,1,0,1,1,0,1,1,1,1,0,1,0,0,1,0,0,2,2,1,1,1,1,2,1,0,2,2,1,3,2,0.633333333333333,1.4,0.00288728400113161,"11p15.3","CTR9,EIF4G2,ZBED5"
"3610","chr11",59985830,60053813,3,1,1,2,2,4,1,7,2,6,6,0,1,6,6,8,1,3,4,4,4,4,5,3,1,6,2,0,1,1,2,5,5,5,5,4,4,7,3,1,4,4,5,8,0,3.16666666666667,4.13333333333333,0.161578442980974,"11q12.2","MS4A4A"
"3609","chr11",59755931,59985830,3,1,1,2,2,4,1,7,2,6,6,0,1,6,6,8,1,3,4,4,4,4,5,3,1,6,2,0,1,1,2,5,5,5,5,4,4,7,3,1,4,4,5,8,0,3.16666666666667,4.13333333333333,0.161578442980974,"11q12.2-q12.1","MS4A2,MS4A3,MS4A6A,OOSP2"
"3870","chr11",92815121,92848932,1,0,0,0,0,1,0,1,1,2,1,0,0,0,1,1,0,2,1,0,3,1,1,1,1,1,1,0,0,0,0,1,1,1,1,1,1,2,1,1,1,1,1,2,1,0.7,1.06666666666667,0.035408281139276,"11q21","MTNR1B,SLC36A4"
"4635","chr12",38267643,38416384,0,0,0,0,0,0,0,0,0,1,0,0,0,0,0,0,0,0,0,0,1,0,1,0,0,1,0,0,0,0,0,0,0,0,0,0,1,0,0,0,0,1,0,0,0,0.133333333333333,0.133333333333333,1,"12q12","NONE,ALG10B"
"4999","chr12",75711884,75801096,2,1,0,1,1,2,1,1,1,4,1,0,0,0,1,1,0,1,1,0,1,1,1,1,1,1,0,0,0,0,0,1,3,1,1,1,1,1,1,0,1,1,1,2,0,0.833333333333333,1,0.384294915590186,"12q21.2","CAPS2,GLIPR1L1,GLIPR1L2"
"4999.1","chr12",75711884,75801096,2,1,0,1,1,2,1,1,1,4,1,0,0,0,1,1,0,1,1,0,1,1,1,1,1,1,0,0,0,0,0,1,3,1,1,1,1,1,1,0,1,1,1,2,0,0.833333333333333,1,0.384294915590186,"12q21.2","CAPS2,GLIPR1L1,GLIPR1L2"
"6771","chr14",47236211,47303984,0,0,0,1,0,1,0,1,0,1,1,0,0,1,1,1,0,2,1,0,1,1,1,1,0,2,0,0,0,0,0,1,1,1,1,1,1,1,1,0,1,1,1,1,0,0.566666666666667,0.8,0.129970989944033,"14q21.3","RPL10L,MDGA2"
"1045","chr1",147080655,147104535,2,1,1,2,0,5,0,5,4,4,6,1,1,1,4,3,1,5,4,0,4,3,5,3,1,0,1,0,0,1,0,4,3,3,3,2,3,3,2,1,3,2,2,4,0,2.26666666666667,2.33333333333333,0.787893738419358,"1q21.2","BCL9"
"1056","chr1",150232018,150326265,2,1,1,2,0,5,0,5,4,4,6,1,1,1,4,3,1,5,4,0,4,3,5,3,1,8,1,0,1,1,0,4,3,3,3,2,3,3,2,1,3,2,2,4,0,2.56666666666667,2.33333333333333,0.93176592724467,"1q21.3-q21.2","APH1A,C1orf54,CA14,CIART,MRPS21,PRPF3"
"1238","chr1",170953257,171014019,4,0,2,2,1,5,1,4,8,8,16,0,1,1,2,7,1,3,8,0,6,2,6,4,0,3,2,0,0,1,0,2,2,2,6,2,2,2,1,1,5,1,2,2,0,3.26666666666667,2,0.476451922728234,"1q24.3","MROH9"
"12783","chr20",42162888,42582622,0,0,0,1,0,1,0,1,1,0,1,1,0,1,1,1,0,2,1,0,0,1,1,1,0,1,0,0,0,0,0,1,1,1,0,1,1,1,1,0,1,1,1,1,0,0.533333333333333,0.733333333333333,0.197162496373224,"20q13.12","GTSF1L,IFT52,L3MBTL1,MYBL2,SGK2,TOX2"
"13641","chr3",23933252,23974274,1,0,0,1,2,1,0,10,2,11,1,0,0,0,1,8,0,6,1,0,2,1,10,1,0,9,0,0,2,0,0,1,1,1,1,1,1,1,1,0,1,1,1,1,1,2.33333333333333,0.866666666666667,0.907411537318446,"3p24.2","NKIRAS1,RPL15"
"14728","chr3",135695715,135730081,1,0,0,2,0,3,2,1,13,2,9,1,0,0,1,1,0,1,1,0,2,1,1,1,1,6,0,0,2,0,0,1,1,1,1,1,1,1,1,0,1,1,1,1,0,1.73333333333333,0.8,0.537333505550192,"3q22.2-q22.3","PPP2R3A"
"15088","chr3",167606655,167673390,1,0,0,2,0,1,1,1,1,3,1,0,0,0,1,1,0,1,1,0,1,1,1,1,0,0,0,0,1,4,0,0,1,1,1,1,1,1,1,0,1,1,1,1,0,0.8,0.733333333333333,0.720009294357338,"3q26.2","LINC01330"
"15127","chr3",170979491,171117506,4,0,1,9,3,9,1,7,6,3,1,2,1,3,5,3,2,9,6,0,7,4,6,4,0,1,1,0,1,2,0,4,5,3,4,4,1,4,1,1,1,1,1,1,2,3.36666666666667,2.2,0.302627969767048,"3q26.31","TNIK"
"15213","chr3",179140906,179172390,1,0,1,4,4,2,1,14,0,2,1,1,1,2,1,1,1,2,8,0,3,1,2,1,0,1,0,1,0,0,0,2,1,1,4,4,1,1,1,1,6,1,1,1,0,1.86666666666667,1.66666666666667,0.846702707341289,"3q26.33","GNB4"
"17447","chr5",6344834,6401026,1,0,0,0,0,1,1,1,0,0,0,0,0,0,1,0,0,1,1,0,1,1,1,2,0,0,0,0,1,0,0,1,1,1,1,1,1,1,1,0,1,1,1,1,0,0.433333333333333,0.8,0.0215468898211979,"5p15.31","MED10"
"18540","chr5",113554080,113767576,1,0,0,1,0,0,0,1,1,1,1,0,0,1,1,0,0,1,0,1,1,1,1,1,0,1,0,0,0,0,0,1,1,1,1,1,1,1,1,0,1,1,1,1,0,0.5,0.8,0.0573452359424502,"5q22.3","KCNN2"
"18559","chr5",115078158,115220416,1,0,0,1,0,1,0,1,1,1,1,1,0,1,1,0,0,1,5,1,1,1,1,1,1,9,0,0,0,0,0,1,1,1,1,1,1,1,1,0,1,1,1,1,0,1.03333333333333,0.8,0.472679330973588,"5q23.1-q22.3","AP3S1,ATG12,CDO1"
"19223","chr6",11673025,11787394,1,0,0,5,0,1,0,1,2,2,1,0,0,0,1,2,0,1,1,0,2,1,1,1,0,2,0,0,0,0,0,1,2,1,1,1,1,1,1,0,1,1,1,1,2,0.833333333333333,1,0.18724451572965,"6p24.1","ADTRP"
"19942","chr6",84933336,84969318,1,0,0,1,0,1,0,1,0,1,1,2,0,0,1,1,0,2,1,1,5,1,1,1,0,2,0,0,0,0,0,1,1,1,1,1,1,1,1,0,1,1,1,2,0,0.8,0.866666666666667,0.333415459601698,"6q14.3","CEP162"
"23018","chr8",70450190,70508211,3,0,0,2,0,1,0,2,2,5,1,1,0,4,4,1,0,2,2,0,2,1,1,2,0,3,7,0,1,1,0,4,1,1,1,1,1,5,1,1,1,1,1,3,1,1.6,1.53333333333333,0.949680493669031,"8q13.2-q13.3","SULF1"
"23018.1","chr8",70450190,70508211,3,0,0,2,0,1,0,2,2,5,1,1,0,4,4,1,0,2,2,0,2,1,1,2,0,3,7,0,1,1,0,4,1,1,1,1,1,5,1,1,1,1,1,3,1,1.6,1.53333333333333,0.949680493669031,"8q13.2-q13.3","SULF1"
"23054","chr8",73739221,74058720,1,0,0,2,2,1,0,2,3,2,1,1,0,1,1,2,0,2,2,1,2,1,1,2,0,2,0,0,0,1,0,1,1,1,1,1,1,2,1,0,1,1,1,7,1,1.1,1.33333333333333,0.846450596876591,"8q13.3-q21.11","KCNB2,SBSPON,TERF1"
"23055","chr8",74058720,74111932,1,0,0,2,2,1,0,2,3,2,1,1,0,1,1,2,0,2,2,1,2,1,1,2,0,2,0,0,0,1,0,1,1,1,1,1,1,2,1,1,1,1,1,7,1,1.1,1.4,0.979262313778453,"8q21.11","SBSPON,C8orf89"
"24155","chr9",25711313,25781823,0,0,0,1,0,1,0,1,1,1,1,0,0,0,1,1,0,1,1,0,1,1,1,1,0,1,0,1,0,0,0,1,1,1,1,1,1,1,1,0,1,1,1,2,0,0.533333333333333,0.866666666666667,0.0572238508776777,"9p21.2","LINC01241"
"24305","chr9",72208977,72273577,1,0,0,0,0,3,0,1,0,1,1,0,0,0,1,1,0,1,3,0,3,1,1,1,0,0,0,1,0,1,0,1,2,1,1,1,1,1,1,1,1,1,2,2,0,0.7,1.06666666666667,0.0332806526321129,"9q21.12","APBA1"
